Summary,Issue Type,Epic Link,Story Points,Priority,Description,Acceptance Criteria,Technical Tasks
"Epic S1 - Centralisation Dossier",Epic,,34,Highest,"Centraliser toutes les interactions (emails, SMS, Telegram, notes, t√¢ches, documents) dans une timeline unique par dossier avec permissions granulaires et audit complet.","- 100% interactions capt√©es dans timeline
- 0 perte d'information entre canaux
- Permissions strictes par r√¥le
- Audit trail complet",
"US1 - Ingestion multi-canaux vers timeline dossier",Story,Epic S1,8,Highest,"En tant qu'avocat, je veux que tous les messages (email/SMS/Telegram) apparaissent automatiquement dans la timeline du dossier afin d'avoir une vue compl√®te sans changer d'onglet.","- 1 message entrant = 1 event horodat√© dans timeline
- Visible dans dossier li√©
- Pas de doublon (d√©duplication par ID externe)
- Indicateur canal (üìß/üì±/üí¨)
- Temps r√©ponse <500ms pour 1000 events","- Endpoint unifi√© POST /api/ingest/unified
- Mapping canal‚Üíevent (type, source_id)
- D√©duplication par checksum
- Tests webhook (email, SMS, Telegram)
- API GET /api/cases/{id}/timeline avec pagination"
"US2 - Notes dossier collaboratives",Story,Epic S1,5,Highest,"En tant qu'avocat, je veux ajouter des notes priv√©es/partag√©es sur un dossier avec mentions @utilisateur afin de documenter mes r√©flexions et collaborer avec l'√©quipe.","- Notes tri√©es par date DESC
- Mentions @user persist√©es avec notifications
- Acc√®s limit√© selon visibilit√© (priv√©e/√©quipe/client)
- √âdition/suppression avec audit trail
- Recherche full-text dans notes","- Table CaseNotes (id, case_id, content, visibility, author_id, created_at)
- CRUD API /api/cases/{id}/notes
- Mentions @user avec notifications
- Filtre priv√©/public
- Audit trail (CREATE, UPDATE, DELETE)"
"US3 - T√¢ches dossier",Story,Epic S1,5,Highest,"En tant qu'avocat, je veux cr√©er des t√¢ches li√©es √† un dossier avec √©ch√©ances et assignation afin de ne rien oublier dans le suivi.","- Changement de statut trac√© (TODO‚ÜíIN_PROGRESS‚ÜíDONE)
- Filtre ""en retard"" op√©rationnel (due_date < NOW AND status != DONE)
- Assignation avec notification
- D√©pendances entre t√¢ches (blocked_by)
- Vue Kanban + Liste","- Table CaseTasks (id, case_id, title, description, due_date, assignee_id, status, priority, blocked_by)
- CRUD API /api/cases/{id}/tasks
- Notifications 24h avant √©ch√©ance
- Vue Kanban (drag & drop)
- Filtre par statut/assignee/priorit√©"
"US4 - Documents dossier",Story,Epic S1,8,Highest,"En tant qu'avocat, je veux uploader des documents avec versioning automatique afin de garder l'historique des modifications.","- Version N+1 cr√©√©e automatiquement √† chaque upload
- Contr√¥le d'acc√®s strict (permissions par r√¥le)
- Fichier t√©l√©chargeable avec audit
- M√©tadonn√©es (type, date, auteur, tags)
- Pr√©visualisation PDF/images","- Table CaseDocuments (id, case_id, filename, version, path, metadata, uploaded_by)
- Upload s√©curis√© POST /api/cases/{id}/documents (multipart)
- Versioning automatique (v1, v2, v3)
- Download prot√©g√© GET /api/documents/{id}/download
- M√©tadonn√©es/tags"
"US5 - Permissions + audit",Story,Epic S1,8,Highest,"En tant qu'administrateur, je veux d√©finir des permissions granulaires par r√¥le afin de contr√¥ler l'acc√®s aux donn√©es sensibles et tracer toutes les actions.","- 401/403 corrects selon r√¥le
- Aucune fuite inter-dossiers (isolation tenant)
- Audit complet (qui, quoi, quand, IP)
- R√©tention logs 3 ans minimum
- Export CSV pour audit externe","- Table Roles (id, name, permissions JSON)
- Middleware authorization (check permissions)
- Policy par r√¥le (OWNER, ADMIN, AGENT, CLIENT)
- Ownership checks API (case.user_id == current_user.id)
- Table AuditLogs (user_id, action, resource, ip, timestamp)
- Journalisation actions critiques (CREATE, UPDATE, DELETE, SHARE)"
"Epic S2 - Orchestration",Epic,,21,High,"Automatiser la gestion des √©ch√©ances, rappels, SLA et facturation pour optimiser la productivit√© et garantir les d√©lais.",,"- >85% √©ch√©ances tenues
- D√©lai cl√¥ture‚Üífacture <5 jours
- Taux paiement √† √©ch√©ance >80%",
"US6 - Calendrier/SLA",Story,Epic S2,8,High,"En tant qu'avocat, je veux voir toutes mes √©ch√©ances dans un calendrier avec rappels automatiques afin de ne jamais manquer une deadline critique.","- Rappels envoy√©s (7j, 3j, 1j, 2h avant √©ch√©ance)
- Retards visibles en dashboard (t√¢ches overdue)
- Alertes SLA en risque (>80% temps √©coul√©)
- Vue mois/semaine/jour
- Drag & drop pour reprogrammer","- Table CalendarEvents (id, user_id, title, start, end, type, related_id)
- API GET /api/calendar (filtres date/type)
- Job scheduler rappels (Hangfire/Quartz)
- Vue agenda (react-big-calendar)
- Alertes retard (email, Telegram, in-app)
- Configuration SLA par type dossier"
"US7 - Facturation de base",Story,Epic S2,13,High,"En tant qu'avocat, je veux enregistrer mon temps pass√© et g√©n√©rer des factures afin de facturer pr√©cis√©ment mes prestations.","- Cycle temps‚Üífacture reproductible
- Total coh√©rent (temps √ó taux + frais)
- Num√©rotation auto (FAC-2025-001)
- Statuts: brouillon/envoy√©e/pay√©e/annul√©e
- Export PDF conforme","- Table TimeEntries (id, case_id, user_id, start, end, duration, description, category, rate)
- Timer start/stop avec description
- Table Invoices (id, case_id, status, items JSON, total, created_at)
- API POST /api/cases/{id}/invoices/draft (calcul auto)
- G√©n√©ration PDF (iTextSharp/PuppeteerSharp)
- Mentions l√©gales obligatoires
- Statut paiement (enregistrement date/montant)"
"Epic S3 - Diff√©renciation",Epic,,21,Medium,"Automatiser les t√¢ches r√©p√©titives et fournir des insights business pour optimiser la rentabilit√© et la qualit√© de service.",,"- 60% t√¢ches auto-g√©n√©r√©es
- Temps admin -25%
- Marge/dossier +10%
- CSAT >4.3/5",
"US8 - Automatisations m√©tier",Story,Epic S3,13,Medium,"En tant qu'administrateur, je veux cr√©er des r√®gles d'automatisation (si/alors) afin de r√©duire les t√¢ches r√©p√©titives et standardiser les processus.","- R√®gle active d√©clenche action sans intervention manuelle
- D√©clencheurs: email re√ßu, t√¢che cr√©√©e, √©ch√©ance proche
- Actions: cr√©er t√¢che, assigner, notifier, tagger
- Logs ex√©cution r√®gles
- Interface no-code cr√©ation r√®gles","- Table AutomationRules (id, name, trigger, conditions JSON, actions JSON, enabled)
- Rules engine (√©valuation conditions)
- Ex√©cution actions (cr√©er t√¢che, assigner, notifier)
- Assignation automatique (round-robin, charge, comp√©tences)
- Relances automatiques (pi√®ces, r√©ponse, paiement)
- Logs ex√©cution avec succ√®s/√©chec"
"US9 - Reporting direction",Story,Epic S3,8,Medium,"En tant que directeur, je veux voir les KPI cl√©s du cabinet (CA, marge, nb dossiers, taux occupation) afin de piloter l'activit√© et optimiser la rentabilit√©.","- KPI visibles et coh√©rents avec donn√©es sources
- Graphiques √©volution mensuelle + comparaison N-1
- Filtres: p√©riode, avocat, type dossier
- Export PDF pour CODIR
- Actualisation temps r√©el","- API GET /api/analytics/dashboard
- Calcul KPI (CA, marge, nb dossiers, taux occupation)
- Agr√©gats dossiers/canaux/factures
- Analyse rentabilit√© par dossier/avocat
- Identification dossiers d√©ficitaires
- Dashboard visuel (recharts)
- Filtres p√©riode/√©quipe
- Export PDF/Excel"